{
    "$schema": "https://schema.management.azure.com/schemas/2019-04-01/deploymentParameters.json#",
    "contentVersion": "1.0.0.0",
    "parameters": {
        "appServiceName": {
            "value": "echo-bot-10091439"
        },
        "existingAppServicePlanName": {
            "value": ""
        },
        "existingAppServicePlanLocation": {
            "value": ""
        },
        "newAppServicePlanName": {
            "value": "echo-bot-10091439-plan"
        },
        "newAppServicePlanLocation": {
            "value": "East US"
        },
        "newAppServicePlanSku": {
            "value": {
                "name": "S1",
                "tier": "Standard",
                "size": "S1",
                "family": "S",
                "capacity": 1
            }
        },
        "appId": {
            "value": "d62f20b6-d7c4-4633-b35c-49a17537d80b"
        },
        "appSecret": {
            "value": ""
        }
    }
}